<?xml version="1.0" encoding="UTF-8"?>
<!DOCTYPE struts-config PUBLIC 
"-//Apache Software Foundation//DTD Struts Configuration 1.3//EN" 
"http://jakarta.apache.org/struts/dtds/struts-config_1_3.dtd">

<struts-config>

	<form-beans>
		<form-bean
			name="userForm"
			type="com.tek.form.UserForm"/>
	
	</form-beans>

	<action-mappings>
	
		<action
			path="/LoginPage"
			type="org.apache.struts.actions.ForwardAction"
			parameter="/pages/multi-language.jsp"/>
		
		<action
			path="/Submit"
			type="com.tek.action.LanguageSelectAction"
			name="userForm"
			validate="true"
			input="/pages/multi-language.jsp"
			>
			<forward name="success" path="/pages/multi-language.jsp"/>
		</action>
		
		<action
			path="/Locale"
			type="com.tek.action.LanguageSelectAction"
			name="userForm"
			parameter="method"
			validate="false"
			>
			<forward name="success" path="/pages/multi-language.jsp"/>
		</action>
		
	</action-mappings>

	<message-resources
		parameter="com.tek.properties.Common" />

</struts-config>